﻿pos_x,pos_y,rotation,side,designator,mpn,pack,footprint,value,mount_type
47.375,-38.648,0.0,top,K1,,,SW_Hotswap_Kailh_Choc_V1,KEYSW,smt
218.825,-38.648,0.0,top,K10,,,SW_Hotswap_Kailh_Choc_V1,KEYSW,smt
237.875,-38.648,0.0,top,K11,,,SW_Hotswap_Kailh_Choc_V1,KEYSW,smt
256.925,-38.648,0.0,top,K12,,,SW_Hotswap_Kailh_Choc_V1,KEYSW,smt
275.975,-38.648,0.0,top,K13,,,SW_Hotswap_Kailh_Choc_V1,KEYSW,smt
295.025,-38.648,0.0,top,K14,,,SW_Hotswap_Kailh_Choc_V1,KEYSW,smt
314.075,-38.648,0.0,top,K15,,,SW_Hotswap_Kailh_Choc_V1,KEYSW,smt
333.125,-38.648,0.0,top,K16,,,SW_Hotswap_Kailh_Choc_V1,KEYSW,smt
47.375,-57.698,0.0,top,K17,,,SW_Hotswap_Kailh_Choc_V1,KEYSW,smt
66.425,-57.698,0.0,top,K18,,,SW_Hotswap_Kailh_Choc_V1,KEYSW,smt
85.475,-57.698,0.0,top,K19,,,SW_Hotswap_Kailh_Choc_V1,KEYSW,smt
66.425,-38.648,0.0,top,K2,,,SW_Hotswap_Kailh_Choc_V1,KEYSW,smt
104.525,-57.698,0.0,top,K20,,,SW_Hotswap_Kailh_Choc_V1,KEYSW,smt
123.575,-57.698,0.0,top,K21,,,SW_Hotswap_Kailh_Choc_V1,KEYSW,smt
142.625,-57.698,0.0,top,K22,,,SW_Hotswap_Kailh_Choc_V1,KEYSW,smt
161.675,-57.698,0.0,top,K23,,,SW_Hotswap_Kailh_Choc_V1,KEYSW,smt
180.725,-57.698,0.0,top,K24,,,SW_Hotswap_Kailh_Choc_V1,KEYSW,smt
199.775,-57.698,0.0,top,K25,,,SW_Hotswap_Kailh_Choc_V1,KEYSW,smt
218.825,-57.698,0.0,top,K26,,,SW_Hotswap_Kailh_Choc_V1,KEYSW,smt
237.875,-57.698,0.0,top,K27,,,SW_Hotswap_Kailh_Choc_V1,KEYSW,smt
256.925,-57.698,0.0,top,K28,,,SW_Hotswap_Kailh_Choc_V1,KEYSW,smt
275.975,-57.698,0.0,top,K29,,,SW_Hotswap_Kailh_Choc_V1,KEYSW,smt
85.475,-38.648,0.0,top,K3,,,SW_Hotswap_Kailh_Choc_V1,KEYSW,smt
304.55,-57.698,0.0,top,K30,,,SW_Hotswap_Kailh_Choc_V1,KEYSW,smt
333.125,-57.698,0.0,top,K31,,,SW_Hotswap_Kailh_Choc_V1,KEYSW,smt
52.1375,-76.748,0.0,top,K32,,,SW_Hotswap_Kailh_Choc_V1,KEYSW,smt
75.95,-76.748,0.0,top,K33,,,SW_Hotswap_Kailh_Choc_V1,KEYSW,smt
95.0,-76.748,0.0,top,K34,,,SW_Hotswap_Kailh_Choc_V1,KEYSW,smt
114.05,-76.748,0.0,top,K35,,,SW_Hotswap_Kailh_Choc_V1,KEYSW,smt
133.1,-76.748,0.0,top,K36,,,SW_Hotswap_Kailh_Choc_V1,KEYSW,smt
152.15,-76.748,0.0,top,K37,,,SW_Hotswap_Kailh_Choc_V1,KEYSW,smt
171.2,-76.748,0.0,top,K38,,,SW_Hotswap_Kailh_Choc_V1,KEYSW,smt
190.25,-76.748,0.0,top,K39,,,SW_Hotswap_Kailh_Choc_V1,KEYSW,smt
104.525,-38.648,0.0,top,K4,,,SW_Hotswap_Kailh_Choc_V1,KEYSW,smt
209.3,-76.748,0.0,top,K40,,,SW_Hotswap_Kailh_Choc_V1,KEYSW,smt
228.35,-76.748,0.0,top,K41,,,SW_Hotswap_Kailh_Choc_V1,KEYSW,smt
247.4,-76.748,0.0,top,K42,,,SW_Hotswap_Kailh_Choc_V1,KEYSW,smt
266.45,-76.748,0.0,top,K43,,,SW_Hotswap_Kailh_Choc_V1,KEYSW,smt
285.5,-76.748,0.0,top,K44,,,SW_Hotswap_Kailh_Choc_V1,KEYSW,smt
309.3125,-76.748,0.0,top,K45,,,SW_Hotswap_Kailh_Choc_V1,KEYSW,smt
333.125,-76.748,0.0,top,K46,,,SW_Hotswap_Kailh_Choc_V1,KEYSW,smt
54.5188,-95.798,0.0,top,K47,,,SW_Hotswap_Kailh_Choc_V1,KEYSW,smt
80.7125,-95.798,0.0,top,K48,,,SW_Hotswap_Kailh_Choc_V1,KEYSW,smt
99.7625,-95.798,0.0,top,K49,,,SW_Hotswap_Kailh_Choc_V1,KEYSW,smt
123.575,-38.648,0.0,top,K5,,,SW_Hotswap_Kailh_Choc_V1,KEYSW,smt
118.8125,-95.798,0.0,top,K50,,,SW_Hotswap_Kailh_Choc_V1,KEYSW,smt
137.8625,-95.798,0.0,top,K51,,,SW_Hotswap_Kailh_Choc_V1,KEYSW,smt
156.9125,-95.798,0.0,top,K52,,,SW_Hotswap_Kailh_Choc_V1,KEYSW,smt
175.9625,-95.798,0.0,top,K53,,,SW_Hotswap_Kailh_Choc_V1,KEYSW,smt
195.0125,-95.798,0.0,top,K54,,,SW_Hotswap_Kailh_Choc_V1,KEYSW,smt
214.0625,-95.798,0.0,top,K55,,,SW_Hotswap_Kailh_Choc_V1,KEYSW,smt
233.1125,-95.798,0.0,top,K56,,,SW_Hotswap_Kailh_Choc_V1,KEYSW,smt
252.1625,-95.798,0.0,top,K57,,,SW_Hotswap_Kailh_Choc_V1,KEYSW,smt
271.2125,-95.798,0.0,top,K58,,,SW_Hotswap_Kailh_Choc_V1,KEYSW,smt
302.1688,-95.798,0.0,top,K59,,,SW_Hotswap_Kailh_Choc_V1,KEYSW,smt
142.625,-38.648,0.0,top,K6,,,SW_Hotswap_Kailh_Choc_V1,KEYSW,smt
333.125,-95.798,0.0,top,K60,,,SW_Hotswap_Kailh_Choc_V1,KEYSW,smt
59.2813,-114.848,0.0,top,K61,,,SW_Hotswap_Kailh_Choc_V1,KEYSW,smt
90.2375,-114.848,0.0,top,K62,,,SW_Hotswap_Kailh_Choc_V1,KEYSW,smt
109.2875,-114.848,0.0,top,K63,,,SW_Hotswap_Kailh_Choc_V1,KEYSW,smt
128.3375,-114.848,0.0,top,K64,,,SW_Hotswap_Kailh_Choc_V1,KEYSW,smt
147.3875,-114.848,0.0,top,K65,,,SW_Hotswap_Kailh_Choc_V1,KEYSW,smt
166.4375,-114.848,0.0,top,K66,,,SW_Hotswap_Kailh_Choc_V1,KEYSW,smt
185.4875,-114.848,0.0,top,K67,,,SW_Hotswap_Kailh_Choc_V1,KEYSW,smt
204.5375,-114.848,0.0,top,K68,,,SW_Hotswap_Kailh_Choc_V1,KEYSW,smt
223.5875,-114.848,0.0,top,K69,,,SW_Hotswap_Kailh_Choc_V1,KEYSW,smt
161.675,-38.648,0.0,top,K7,,,SW_Hotswap_Kailh_Choc_V1,KEYSW,smt
242.6375,-114.848,0.0,top,K70,,,SW_Hotswap_Kailh_Choc_V1,KEYSW,smt
261.6875,-114.848,0.0,top,K71,,,SW_Hotswap_Kailh_Choc_V1,KEYSW,smt
287.8813,-114.848,0.0,top,K72,,,SW_Hotswap_Kailh_Choc_V1,KEYSW,smt
314.075,-114.848,0.0,top,K73,,,SW_Hotswap_Kailh_Choc_V1,KEYSW,smt
333.125,-114.848,0.0,top,K74,,,SW_Hotswap_Kailh_Choc_V1,KEYSW,smt
49.7563,-133.898,0.0,top,K75,,,SW_Hotswap_Kailh_Choc_V1,KEYSW,smt
73.5688,-133.898,0.0,top,K76,,,SW_Hotswap_Kailh_Choc_V1,KEYSW,smt
97.3813,-133.898,0.0,top,K77,,,SW_Hotswap_Kailh_Choc_V1,KEYSW,smt
168.8188,-133.898,0.0,top,K78,,,SW_Hotswap_Kailh_Choc_V1,KEYSW,smt
237.875,-133.898,0.0,top,K79,,,SW_Hotswap_Kailh_Choc_V1,KEYSW,smt
180.725,-38.648,0.0,top,K8,,,SW_Hotswap_Kailh_Choc_V1,KEYSW,smt
256.925,-133.898,0.0,top,K80,,,SW_Hotswap_Kailh_Choc_V1,KEYSW,smt
275.975,-133.898,0.0,top,K81,,,SW_Hotswap_Kailh_Choc_V1,KEYSW,smt
295.025,-133.898,0.0,top,K82,,,SW_Hotswap_Kailh_Choc_V1,KEYSW,smt
314.075,-133.898,0.0,top,K83,,,SW_Hotswap_Kailh_Choc_V1,KEYSW,smt
333.125,-133.898,0.0,top,K84,,,SW_Hotswap_Kailh_Choc_V1,KEYSW,smt
199.775,-38.648,0.0,top,K9,,,SW_Hotswap_Kailh_Choc_V1,KEYSW,smt
354.825,-122.123,90.0,top,R1,,,R_Axial_DIN0204_L3.6mm_D1.6mm_P5.08mm_Vertical,4.7k,tht
357.825,-122.123,90.0,top,R2,,,R_Axial_DIN0204_L3.6mm_D1.6mm_P5.08mm_Vertical,4.7k,tht
361.025,-122.123,90.0,top,R3,,,R_Axial_DIN0204_L3.6mm_D1.6mm_P5.08mm_Vertical,R10k,tht
364.175,-122.123,90.0,top,R4,,,R_Axial_DIN0204_L3.6mm_D1.6mm_P5.08mm_Vertical,R10k,tht
367.325,-122.123,90.0,top,R5,,,R_Axial_DIN0204_L3.6mm_D1.6mm_P5.08mm_Vertical,R10k,tht
364.625,-35.5055,0.0,top,U1,,,MODULE_102010428,XIAO-RP2040-DIP,smt
361.7875,-100.618,90.0,top,U2,,,SOP50P810X120-56N,PCA9506BS,smt
360.7625,-62.518,90.0,top,U3,,,SOP50P810X120-56N,PCA9506BS,smt
361.7875,-81.568,90.0,top,U4,,,SOP50P810X120-56N,PCA9506BS,smt
