﻿Designator,Footprint,Quantity,Value,LCSC Part #
"K1, K10, K11, K12, K13, K14, K15, K16, K17, K18, K19, K2, K20, K21, K22, K23, K24, K25, K26, K27, K28, K29, K3, K30, K31, K32, K33, K34, K35, K36, K37, K38, K39, K4, K40, K41, K42, K43, K44, K45, K46, K47, K48, K49, K5, K50, K51, K52, K53, K54, K55, K56, K57, K58, K59, K6, K60, K61, K62, K63, K64, K65, K66, K67, K68, K69, K7, K70, K71, K72, K73, K74, K75, K76, K77, K78, K79, K8, K80, K81, K82, K83, K84, K9",SW_Hotswap_Kailh_Choc_V1,84,KEYSW,
"R1, R2",R_Axial_DIN0204_L3.6mm_D1.6mm_P5.08mm_Vertical,2,4.7k,
"R3, R4, R5",R_Axial_DIN0204_L3.6mm_D1.6mm_P5.08mm_Vertical,3,R10k,
U1,MODULE_102010428,1,XIAO-RP2040-DIP,
"U2, U3, U4",SOP50P810X120-56N,3,PCA9506BS,
